n.ind,n.symp,npct,K,beta.high,bin.high,maj.ratio,tw,data.type
4000,12,0,4,8,0.9,1,0.2,cts
4000,12,0.333333333,4,8,0.9,1,0.2,cts
4000,12,0.5,4,8,0.9,1,0.2,cts
4000,12,0,4,8,0.9,1,0.2,bin
4000,12,0.333333333,4,8,0.9,1,0.2,bin
4000,12,0.5,4,8,0.9,1,0.2,bin